{
  "version": 1,
  "author": "Uri Shaked",
  "editor": "wokwi",
  "parts": [
    { "type": "wokwi-arduino-uno", "id": "uno", "top": -38.68, "left": 24.64, "attrs": {} },
    {
      "type": "board-ssd1306",
      "id": "ssd1306",
      "top": 248.48,
      "left": 129.48,
      "attrs": { "i2c-address": "0x3c" }
    }
  ],
  "connections": [
    [ "uno:A5", "ssd1306:SCL", "gold", [ "v19.1", "h-53.3" ] ],
    [ "uno:A4", "ssd1306:SDA", "limegreen", [ "v28.7", "h-34.2" ] ],
    [ "uno:5V", "ssd1306:VCC", "red", [ "v19.1", "h32.6" ] ],
    [ "uno:GND.3", "ssd1306:GND", "black", [ "v28.7", "h4" ] ]
  ],
  "dependencies": {}
}